cemento_kgm3,arena_m3,grava_m3,relacion_agua_cemento,humedad_sensor,resistencia_psi,resistencia_mpa
424.17,0.668,0.679,0.75,0,4000,27
418.03,0.691,0.68,0.75,8,4000,27
416.11,0.664,0.673,0.75,0,4000,27
415.28,0.656,0.674,0.75,0,4000,27
432.31,0.667,0.671,0.75,0,4000,27
420.93,0.655,0.675,0.75,0,4000,27
414.95,0.695,0.67,0.75,12,4000,27
409.74,0.673,0.644,0.75,2,4000,27
426.2,0.672,0.668,0.75,0,4000,27
413.95,0.664,0.684,0.75,0,4000,27
422.72,0.665,0.661,0.75,15,4000,27
427.82,0.659,0.666,0.75,14,4000,27
415.97,0.668,0.655,0.75,12,4000,27
431.39,0.669,0.683,0.75,0,4000,27
423.04,0.691,0.67,0.75,0,4000,27
426.9,0.671,0.666,0.75,0,4000,27
418.15,0.675,0.69,0.75,0,4000,27
415.79,0.682,0.674,0.75,7,4000,27
420.82,0.683,0.661,0.75,0,4000,27
407.71,0.674,0.673,0.75,0,4000,27
408.11,0.664,0.665,0.75,0,4000,27
423.39,0.695,0.672,0.75,0,4000,27
403.88,0.67,0.671,0.75,0,4000,27
422.53,0.67,0.654,0.75,11,4000,27
426.64,0.658,0.689,0.75,8,4000,27
438.4,0.657,0.662,0.75,0,4000,27
406.97,0.671,0.656,0.75,0,4000,27
433.02,0.66,0.666,0.75,0,4000,27
421.91,0.688,0.648,0.75,3,4000,27
426.57,0.653,0.652,0.75,4,4000,27
422.1,0.675,0.661,0.75,4,4000,27
414.0,0.695,0.676,0.75,9,4000,27
411.81,0.681,0.686,0.75,14,4000,27
423.47,0.681,0.695,0.75,0,4000,27
412.53,0.659,0.669,0.75,4,4000,27
426.95,0.67,0.689,0.75,40,4000,27
425.26,0.659,0.656,0.75,0,4000,27
426.0,0.676,0.669,0.75,0,4000,27
416.25,0.681,0.673,0.75,2,4000,27
423.24,0.658,0.672,0.75,0,4000,27
423.01,0.678,0.685,0.75,0,4000,27
412.12,0.677,0.677,0.75,57,4000,27
424.8,0.685,0.683,0.75,0,4000,27
426.38,0.66,0.667,0.75,1,4000,27
439.44,0.645,0.679,0.75,0,4000,27
429.15,0.671,0.656,0.75,10,4000,27
413.86,0.673,0.671,0.75,32,4000,27
425.32,0.643,0.672,0.75,12,4000,27
413.34,0.668,0.677,0.75,0,4000,27
417.19,0.664,0.661,0.75,6,4000,27
409.41,0.682,0.698,0.75,0,4000,27
415.93,0.687,0.661,0.75,11,4000,27
412.21,0.669,0.627,0.75,0,4000,27
409.52,0.692,0.651,0.75,1,4000,27
432.11,0.651,0.686,0.75,0,4000,27
423.88,0.673,0.662,0.75,0,4000,27
420.95,0.679,0.691,0.75,31,4000,27
403.6,0.668,0.678,0.75,0,4000,27
418.25,0.663,0.662,0.75,5,4000,27
414.18,0.682,0.674,0.75,9,4000,27
413.04,0.662,0.68,0.75,0,4000,27
420.99,0.687,0.662,0.75,0,4000,27
418.17,0.685,0.681,0.75,19,4000,27
420.18,0.679,0.666,0.75,0,4000,27
420.81,0.678,0.659,0.75,0,4000,27
409.8,0.686,0.681,0.75,9,4000,27
419.9,0.658,0.671,0.75,14,4000,27
418.76,0.659,0.666,0.75,0,4000,27
413.09,0.673,0.673,0.75,0,4000,27
421.95,0.651,0.651,0.75,0,4000,27
422.61,0.69,0.681,0.75,0,4000,27
411.58,0.67,0.666,0.75,0,4000,27
424.36,0.691,0.669,0.75,10,4000,27
416.63,0.673,0.67,0.75,0,4000,27
420.21,0.677,0.689,0.75,32,4000,27
413.55,0.682,0.672,0.75,0,4000,27
412.95,0.662,0.642,0.75,0,4000,27
421.26,0.675,0.695,0.75,0,4000,27
412.45,0.677,0.652,0.75,17,4000,27
416.06,0.647,0.688,0.75,18,4000,27
406.61,0.662,0.67,0.75,0,4000,27
425.23,0.656,0.668,0.75,7,4000,27
425.98,0.655,0.649,0.75,4,4000,27
413.71,0.691,0.672,0.75,1,4000,27
437.31,0.694,0.667,0.75,9,4000,27
431.5,0.657,0.679,0.75,0,4000,27
410.06,0.643,0.666,0.75,22,4000,27
420.62,0.692,0.652,0.75,0,4000,27
423.23,0.67,0.642,0.75,0,4000,27
425.63,0.675,0.657,0.75,0,4000,27
419.47,0.683,0.657,0.75,0,4000,27
413.34,0.669,0.656,0.75,0,4000,27
436.5,0.67,0.661,0.75,0,4000,27
418.14,0.678,0.68,0.75,0,4000,27
417.69,0.639,0.65,0.75,24,4000,27
417.91,0.678,0.674,0.75,16,4000,27
418.93,0.657,0.648,0.75,0,4000,27
408.05,0.661,0.656,0.75,13,4000,27
419.93,0.69,0.671,0.75,22,4000,27
424.53,0.656,0.667,0.75,0,4000,27
387.04,0.623,0.739,0.75,0,3555,24
376.3,0.593,0.747,0.75,0,3555,24
382.06,0.599,0.756,0.75,0,3555,24
385.74,0.606,0.745,0.75,11,3555,24
367.31,0.607,0.75,0.75,0,3555,24
366.28,0.58,0.761,0.75,0,3555,24
384.85,0.58,0.759,0.75,0,3555,24
380.36,0.59,0.754,0.75,0,3555,24
386.35,0.586,0.768,0.75,0,3555,24
373.94,0.607,0.757,0.75,0,3555,24
380.66,0.598,0.778,0.75,5,3555,24
376.87,0.594,0.753,0.75,0,3555,24
382.2,0.625,0.773,0.75,18,3555,24
376.9,0.576,0.745,0.75,0,3555,24
380.14,0.62,0.765,0.75,12,3555,24
363.2,0.603,0.772,0.75,17,3555,24
382.57,0.595,0.77,0.75,2,3555,24
381.89,0.594,0.747,0.75,0,3555,24
380.54,0.594,0.767,0.75,15,3555,24
376.12,0.597,0.745,0.75,5,3555,24
385.75,0.589,0.773,0.75,6,3555,24
394.26,0.591,0.741,0.75,22,3555,24
384.97,0.599,0.764,0.75,36,3555,24
380.98,0.601,0.771,0.75,3,3555,24
373.99,0.606,0.789,0.75,23,3555,24
376.11,0.588,0.758,0.75,16,3555,24
367.14,0.618,0.758,0.75,0,3555,24
367.42,0.61,0.761,0.75,0,3555,24
377.45,0.62,0.756,0.75,0,3555,24
377.93,0.568,0.759,0.75,10,3555,24
394.05,0.614,0.756,0.75,38,3555,24
380.45,0.6,0.76,0.75,0,3555,24
375.64,0.593,0.76,0.75,0,3555,24
380.81,0.597,0.783,0.75,16,3555,24
389.47,0.575,0.755,0.75,0,3555,24
374.09,0.587,0.787,0.75,19,3555,24
385.48,0.586,0.752,0.75,0,3555,24
385.42,0.597,0.754,0.75,6,3555,24
377.26,0.614,0.744,0.75,8,3555,24
377.65,0.604,0.741,0.75,0,3555,24
376.03,0.613,0.749,0.75,0,3555,24
384.61,0.585,0.787,0.75,25,3555,24
381.6,0.599,0.752,0.75,0,3555,24
388.39,0.601,0.762,0.75,0,3555,24
382.34,0.579,0.74,0.75,2,3555,24
378.6,0.6,0.765,0.75,0,3555,24
381.49,0.588,0.766,0.75,15,3555,24
383.59,0.603,0.775,0.75,15,3555,24
366.01,0.585,0.751,0.75,7,3555,24
374.48,0.602,0.749,0.75,0,3555,24
372.98,0.584,0.745,0.75,0,3555,24
400.01,0.606,0.763,0.75,10,3555,24
375.63,0.601,0.799,0.75,17,3555,24
374.66,0.6,0.787,0.75,27,3555,24
385.38,0.593,0.77,0.75,9,3555,24
368.07,0.591,0.756,0.75,9,3555,24
381.35,0.584,0.766,0.75,8,3555,24
388.21,0.61,0.767,0.75,0,3555,24
383.27,0.602,0.764,0.75,0,3555,24
388.0,0.6,0.77,0.75,0,3555,24
387.13,0.594,0.761,0.75,0,3555,24
377.65,0.603,0.753,0.75,0,3555,24
378.58,0.595,0.782,0.75,15,3555,24
368.71,0.603,0.774,0.75,15,3555,24
376.07,0.617,0.795,0.75,0,3555,24
391.05,0.619,0.752,0.75,0,3555,24
369.78,0.589,0.745,0.75,0,3555,24
381.78,0.619,0.745,0.75,0,3555,24
379.62,0.608,0.743,0.75,2,3555,24
383.74,0.603,0.797,0.75,0,3555,24
375.26,0.593,0.75,0.75,21,3555,24
375.66,0.59,0.767,0.75,9,3555,24
381.54,0.582,0.784,0.75,0,3555,24
377.05,0.603,0.765,0.75,30,3555,24
378.66,0.59,0.739,0.75,0,3555,24
393.64,0.594,0.763,0.75,17,3555,24
399.2,0.594,0.753,0.75,10,3555,24
394.03,0.607,0.755,0.75,16,3555,24
386.24,0.606,0.776,0.75,20,3555,24
384.93,0.598,0.762,0.75,0,3555,24
382.8,0.595,0.76,0.75,2,3555,24
380.35,0.584,0.771,0.75,32,3555,24
377.66,0.603,0.764,0.75,0,3555,24
382.12,0.607,0.763,0.75,2,3555,24
388.16,0.588,0.762,0.75,17,3555,24
368.42,0.593,0.766,0.75,0,3555,24
375.78,0.623,0.738,0.75,6,3555,24
376.18,0.588,0.771,0.75,0,3555,24
370.27,0.61,0.77,0.75,27,3555,24
371.87,0.582,0.749,0.75,3,3555,24
378.17,0.604,0.741,0.75,0,3555,24
388.49,0.604,0.767,0.75,6,3555,24
384.88,0.616,0.763,0.75,0,3555,24
390.94,0.592,0.787,0.75,0,3555,24
380.97,0.592,0.773,0.75,0,3555,24
365.64,0.595,0.723,0.75,11,3555,24
385.97,0.605,0.745,0.75,0,3555,24
371.2,0.618,0.773,0.75,0,3555,24
381.58,0.575,0.756,0.75,0,3555,24
377.86,0.622,0.77,0.75,8,3555,24
359.8,0.56,0.841,0.75,10,3224,22
352.75,0.56,0.851,0.75,0,3224,22
359.22,0.552,0.875,0.75,26,3224,22
351.39,0.543,0.832,0.75,6,3224,22
353.66,0.544,0.84,0.75,25,3224,22
353.05,0.55,0.842,0.75,0,3224,22
348.2,0.532,0.847,0.75,0,3224,22
361.02,0.537,0.815,0.75,15,3224,22
361.79,0.545,0.858,0.75,0,3224,22
356.19,0.557,0.814,0.75,20,3224,22
345.62,0.554,0.848,0.75,0,3224,22
345.3,0.55,0.86,0.75,0,3224,22
355.4,0.519,0.859,0.75,0,3224,22
342.16,0.536,0.86,0.75,5,3224,22
349.67,0.555,0.841,0.75,14,3224,22
346.54,0.533,0.833,0.75,12,3224,22
347.56,0.546,0.835,0.75,5,3224,22
353.01,0.561,0.844,0.75,0,3224,22
349.5,0.55,0.852,0.75,10,3224,22
349.43,0.551,0.806,0.75,5,3224,22
356.99,0.518,0.875,0.75,16,3224,22
342.72,0.557,0.822,0.75,28,3224,22
348.67,0.552,0.855,0.75,2,3224,22
352.55,0.576,0.839,0.75,15,3224,22
357.74,0.563,0.851,0.75,24,3224,22
341.98,0.553,0.827,0.75,4,3224,22
352.25,0.555,0.867,0.75,0,3224,22
356.75,0.563,0.819,0.75,10,3224,22
347.92,0.565,0.837,0.75,0,3224,22
350.11,0.538,0.816,0.75,0,3224,22
343.06,0.526,0.829,0.75,24,3224,22
357.07,0.542,0.878,0.75,0,3224,22
332.5,0.575,0.817,0.75,15,3224,22
367.08,0.565,0.849,0.75,12,3224,22
355.31,0.553,0.842,0.75,0,3224,22
348.04,0.531,0.838,0.75,0,3224,22
351.26,0.565,0.855,0.75,0,3224,22
356.59,0.539,0.836,0.75,0,3224,22
350.74,0.535,0.83,0.75,0,3224,22
353.08,0.55,0.849,0.75,20,3224,22
350.88,0.545,0.842,0.75,0,3224,22
350.28,0.542,0.829,0.75,26,3224,22
341.29,0.542,0.828,0.75,0,3224,22
358.73,0.543,0.845,0.75,32,3224,22
341.69,0.553,0.851,0.75,0,3224,22
349.09,0.55,0.838,0.75,33,3224,22
346.1,0.535,0.839,0.75,0,3224,22
361.47,0.568,0.831,0.75,24,3224,22
347.35,0.548,0.83,0.75,0,3224,22
341.43,0.55,0.827,0.75,0,3224,22
352.32,0.559,0.807,0.75,18,3224,22
341.53,0.568,0.847,0.75,0,3224,22
353.91,0.551,0.849,0.75,2,3224,22
340.1,0.549,0.825,0.75,18,3224,22
357.64,0.557,0.822,0.75,18,3224,22
350.99,0.576,0.847,0.75,0,3224,22
350.93,0.548,0.852,0.75,0,3224,22
340.68,0.53,0.849,0.75,0,3224,22
352.72,0.577,0.84,0.75,1,3224,22
349.31,0.56,0.835,0.75,4,3224,22
345.32,0.561,0.837,0.75,8,3224,22
343.71,0.55,0.84,0.75,7,3224,22
349.82,0.559,0.863,0.75,0,3224,22
340.82,0.538,0.835,0.75,0,3224,22
350.4,0.556,0.839,0.75,0,3224,22
336.17,0.54,0.838,0.75,8,3224,22
360.72,0.563,0.836,0.75,2,3224,22
347.64,0.543,0.835,0.75,2,3224,22
351.12,0.55,0.847,0.75,14,3224,22
339.61,0.522,0.856,0.75,0,3224,22
341.81,0.53,0.849,0.75,0,3224,22
331.86,0.544,0.847,0.75,2,3224,22
349.89,0.556,0.842,0.75,17,3224,22
348.89,0.55,0.824,0.75,0,3224,22
348.79,0.569,0.817,0.75,22,3224,22
348.53,0.543,0.857,0.75,27,3224,22
354.75,0.545,0.876,0.75,11,3224,22
352.1,0.564,0.866,0.75,0,3224,22
353.22,0.543,0.874,0.75,0,3224,22
351.29,0.535,0.824,0.75,0,3224,22
342.67,0.556,0.86,0.75,14,3224,22
344.7,0.534,0.865,0.75,0,3224,22
359.3,0.556,0.848,0.75,0,3224,22
356.49,0.551,0.845,0.75,7,3224,22
353.77,0.562,0.834,0.75,0,3224,22
336.24,0.573,0.821,0.75,0,3224,22
352.15,0.559,0.854,0.75,0,3224,22
351.98,0.547,0.867,0.75,11,3224,22
354.64,0.563,0.843,0.75,5,3224,22
345.44,0.544,0.85,0.75,0,3224,22
352.16,0.569,0.844,0.75,8,3224,22
337.67,0.558,0.846,0.75,10,3224,22
349.03,0.537,0.836,0.75,0,3224,22
354.12,0.568,0.847,0.75,6,3224,22
358.38,0.543,0.838,0.75,0,3224,22
354.54,0.549,0.847,0.75,0,3224,22
355.06,0.546,0.869,0.75,3,3224,22
356.53,0.534,0.81,0.75,18,3224,22
346.14,0.578,0.831,0.75,23,3224,22
364.04,0.573,0.86,0.75,8,3224,22
324.98,0.514,0.885,0.75,0,3000,20
317.1,0.527,0.917,0.75,22,3000,20
312.69,0.518,0.887,0.75,0,3000,20
319.22,0.536,0.911,0.75,27,3000,20
327.81,0.526,0.896,0.75,0,3000,20
326.97,0.54,0.928,0.75,0,3000,20
320.9,0.502,0.906,0.75,0,3000,20
309.79,0.525,0.89,0.75,0,3000,20
319.82,0.538,0.93,0.75,0,3000,20
323.0,0.51,0.905,0.75,18,3000,20
319.36,0.518,0.884,0.75,0,3000,20
322.35,0.53,0.886,0.75,0,3000,20
319.86,0.512,0.856,0.75,11,3000,20
318.2,0.521,0.909,0.75,0,3000,20
325.08,0.507,0.905,0.75,6,3000,20
319.77,0.503,0.921,0.75,0,3000,20
321.28,0.532,0.882,0.75,6,3000,20
324.44,0.522,0.893,0.75,1,3000,20
313.14,0.49,0.908,0.75,0,3000,20
313.54,0.526,0.937,0.75,0,3000,20
318.83,0.534,0.888,0.75,0,3000,20
313.9,0.521,0.929,0.75,0,3000,20
318.13,0.504,0.916,0.75,0,3000,20
340.44,0.523,0.886,0.75,17,3000,20
320.72,0.505,0.917,0.75,28,3000,20
326.91,0.515,0.923,0.75,12,3000,20
323.1,0.511,0.888,0.75,0,3000,20
317.42,0.51,0.908,0.75,0,3000,20
320.16,0.535,0.899,0.75,0,3000,20
322.74,0.518,0.918,0.75,38,3000,20
323.71,0.523,0.903,0.75,5,3000,20
318.11,0.522,0.924,0.75,17,3000,20
328.43,0.519,0.862,0.75,19,3000,20
319.85,0.51,0.891,0.75,8,3000,20
318.47,0.516,0.893,0.75,24,3000,20
317.94,0.533,0.927,0.75,0,3000,20
322.58,0.52,0.884,0.75,0,3000,20
327.6,0.515,0.904,0.75,0,3000,20
323.75,0.515,0.916,0.75,1,3000,20
332.41,0.51,0.888,0.75,2,3000,20
322.24,0.525,0.911,0.75,6,3000,20
318.46,0.527,0.934,0.75,0,3000,20
327.09,0.519,0.861,0.75,0,3000,20
319.42,0.523,0.903,0.75,0,3000,20
323.28,0.517,0.913,0.75,0,3000,20
326.95,0.514,0.915,0.75,27,3000,20
318.57,0.516,0.9,0.75,11,3000,20
309.66,0.509,0.881,0.75,25,3000,20
319.33,0.518,0.901,0.75,0,3000,20
321.53,0.53,0.909,0.75,15,3000,20
302.7,0.527,0.888,0.75,7,3000,20
328.79,0.519,0.917,0.75,19,3000,20
330.5,0.528,0.901,0.75,0,3000,20
314.6,0.543,0.897,0.75,8,3000,20
320.28,0.538,0.889,0.75,0,3000,20
311.55,0.514,0.899,0.75,0,3000,20
311.0,0.519,0.873,0.75,1,3000,20
310.67,0.517,0.886,0.75,20,3000,20
308.0,0.521,0.897,0.75,3,3000,20
315.19,0.517,0.886,0.75,0,3000,20
332.17,0.519,0.887,0.75,0,3000,20
309.86,0.523,0.909,0.75,13,3000,20
316.91,0.522,0.929,0.75,0,3000,20
314.3,0.498,0.887,0.75,0,3000,20
319.16,0.521,0.896,0.75,2,3000,20
322.83,0.509,0.925,0.75,0,3000,20
324.53,0.522,0.917,0.75,0,3000,20
322.31,0.508,0.902,0.75,0,3000,20
319.18,0.5,0.89,0.75,2,3000,20
313.42,0.533,0.884,0.75,6,3000,20
315.86,0.538,0.879,0.75,15,3000,20
315.71,0.534,0.895,0.75,3,3000,20
319.14,0.528,0.914,0.75,19,3000,20
309.36,0.531,0.92,0.75,0,3000,20
312.92,0.518,0.894,0.75,19,3000,20
328.93,0.514,0.896,0.75,0,3000,20
326.18,0.537,0.878,0.75,0,3000,20
321.79,0.512,0.908,0.75,0,3000,20
323.5,0.52,0.892,0.75,0,3000,20
317.63,0.517,0.929,0.75,0,3000,20
324.46,0.517,0.921,0.75,0,3000,20
322.87,0.504,0.88,0.75,2,3000,20
331.09,0.543,0.911,0.75,0,3000,20
316.53,0.512,0.889,0.75,0,3000,20
307.33,0.528,0.881,0.75,31,3000,20
314.12,0.494,0.895,0.75,29,3000,20
312.13,0.525,0.892,0.75,39,3000,20
310.38,0.523,0.908,0.75,1,3000,20
321.97,0.516,0.905,0.75,9,3000,20
317.63,0.524,0.899,0.75,0,3000,20
308.65,0.533,0.884,0.75,0,3000,20
328.8,0.498,0.956,0.75,3,3000,20
319.65,0.523,0.909,0.75,8,3000,20
320.57,0.518,0.897,0.75,17,3000,20
323.8,0.489,0.912,0.75,0,3000,20
317.51,0.532,0.917,0.75,6,3000,20
313.78,0.506,0.889,0.75,14,3000,20
323.28,0.528,0.909,0.75,6,3000,20
325.12,0.528,0.921,0.75,5,3000,20
326.85,0.52,0.884,0.75,0,3000,20
295.95,0.479,0.935,0.75,0,2850,19
301.28,0.48,0.934,0.75,14,2850,19
290.35,0.473,0.935,0.75,12,2850,19
298.84,0.477,0.912,0.75,0,2850,19
300.36,0.483,0.976,0.75,0,2850,19
301.1,0.497,0.974,0.75,0,2850,19
304.84,0.471,0.959,0.75,15,2850,19
316.56,0.484,0.94,0.75,0,2850,19
295.83,0.476,0.94,0.75,0,2850,19
306.73,0.48,0.95,0.75,2,2850,19
304.95,0.472,0.937,0.75,0,2850,19
295.08,0.475,0.967,0.75,2,2850,19
305.11,0.479,0.957,0.75,3,2850,19
296.5,0.457,0.947,0.75,13,2850,19
305.79,0.492,0.952,0.75,0,2850,19
298.1,0.486,0.973,0.75,0,2850,19
300.0,0.486,0.923,0.75,0,2850,19
292.68,0.475,0.947,0.75,21,2850,19
301.96,0.483,0.962,0.75,15,2850,19
299.55,0.486,0.93,0.75,12,2850,19
302.26,0.471,0.933,0.75,0,2850,19
309.86,0.471,0.962,0.75,9,2850,19
296.74,0.478,0.951,0.75,11,2850,19
296.92,0.478,0.931,0.75,0,2850,19
314.48,0.488,0.95,0.75,0,2850,19
303.28,0.469,0.971,0.75,10,2850,19
302.63,0.48,0.963,0.75,0,2850,19
296.56,0.481,0.979,0.75,0,2850,19
300.99,0.48,0.953,0.75,0,2850,19
308.94,0.465,0.934,0.75,0,2850,19
298.94,0.496,0.95,0.75,0,2850,19
296.3,0.476,0.944,0.75,8,2850,19
293.33,0.482,0.959,0.75,23,2850,19
293.91,0.472,0.926,0.75,6,2850,19
305.92,0.479,0.944,0.75,0,2850,19
312.54,0.465,0.954,0.75,0,2850,19
298.86,0.477,0.947,0.75,0,2850,19
309.2,0.466,0.945,0.75,8,2850,19
290.41,0.484,0.988,0.75,2,2850,19
296.03,0.484,0.95,0.75,7,2850,19
310.83,0.478,0.964,0.75,0,2850,19
302.83,0.494,0.957,0.75,0,2850,19
292.5,0.486,0.967,0.75,0,2850,19
301.6,0.476,0.949,0.75,0,2850,19
297.85,0.474,0.964,0.75,0,2850,19
307.93,0.494,0.939,0.75,15,2850,19
295.89,0.488,0.913,0.75,0,2850,19
304.38,0.48,0.932,0.75,10,2850,19
300.64,0.486,0.988,0.75,24,2850,19
300.63,0.471,0.925,0.75,13,2850,19
299.23,0.495,0.922,0.75,0,2850,19
302.18,0.489,0.942,0.75,2,2850,19
302.62,0.484,0.973,0.75,10,2850,19
307.16,0.463,0.956,0.75,0,2850,19
302.09,0.475,0.937,0.75,0,2850,19
293.49,0.487,0.928,0.75,6,2850,19
289.65,0.473,0.973,0.75,0,2850,19
302.77,0.488,0.945,0.75,21,2850,19
310.43,0.489,0.952,0.75,0,2850,19
303.14,0.484,0.977,0.75,0,2850,19
306.31,0.47,0.943,0.75,29,2850,19
318.66,0.486,0.947,0.75,13,2850,19
298.08,0.497,0.954,0.75,9,2850,19
302.53,0.488,0.938,0.75,0,2850,19
302.64,0.487,0.959,0.75,0,2850,19
304.01,0.47,0.943,0.75,12,2850,19
298.24,0.479,0.921,0.75,13,2850,19
303.45,0.485,0.951,0.75,0,2850,19
304.19,0.484,0.959,0.75,0,2850,19
306.58,0.475,0.934,0.75,0,2850,19
306.36,0.486,0.963,0.75,18,2850,19
301.57,0.476,0.953,0.75,6,2850,19
293.82,0.467,0.921,0.75,0,2850,19
309.2,0.475,0.918,0.75,18,2850,19
299.06,0.475,0.953,0.75,16,2850,19
308.69,0.477,0.925,0.75,3,2850,19
294.22,0.471,0.957,0.75,0,2850,19
295.45,0.478,0.932,0.75,15,2850,19
288.92,0.471,0.922,0.75,0,2850,19
291.3,0.471,0.931,0.75,1,2850,19
295.67,0.482,0.94,0.75,25,2850,19
308.04,0.468,0.966,0.75,0,2850,19
304.91,0.495,0.929,0.75,15,2850,19
301.63,0.485,0.956,0.75,0,2850,19
306.28,0.491,0.946,0.75,0,2850,19
303.09,0.485,0.949,0.75,0,2850,19
303.39,0.47,0.95,0.75,3,2850,19
297.78,0.479,0.966,0.75,0,2850,19
310.5,0.493,0.925,0.75,0,2850,19
301.58,0.483,0.946,0.75,0,2850,19
294.5,0.472,0.949,0.75,10,2850,19
308.92,0.474,0.955,0.75,7,2850,19
300.46,0.487,0.959,0.75,13,2850,19
305.32,0.473,0.951,0.75,0,2850,19
306.44,0.503,0.935,0.75,4,2850,19
304.33,0.478,0.978,0.75,10,2850,19
296.36,0.497,0.988,0.75,0,2850,19
305.16,0.476,0.949,0.75,0,2850,19
299.92,0.473,0.941,0.75,0,2850,19
304.88,0.477,0.945,0.75,5,2850,19
283.2,0.561,0.944,0.75,0,2700,18
275.38,0.582,0.974,0.75,0,2700,18
282.7,0.556,0.96,0.75,0,2700,18
281.84,0.551,0.908,0.75,0,2700,18
280.98,0.583,0.957,0.75,13,2700,18
282.7,0.555,0.962,0.75,0,2700,18
282.65,0.54,0.961,0.75,0,2700,18
278.35,0.561,0.967,0.75,0,2700,18
276.03,0.536,0.946,0.75,36,2700,18
282.42,0.535,0.939,0.75,31,2700,18
271.12,0.529,0.986,0.75,0,2700,18
282.99,0.521,0.95,0.75,13,2700,18
274.32,0.551,0.932,0.75,0,2700,18
277.71,0.539,0.962,0.75,0,2700,18
280.21,0.534,0.944,0.75,39,2700,18
273.77,0.566,0.969,0.75,26,2700,18
282.08,0.554,0.949,0.75,16,2700,18
276.5,0.535,0.946,0.75,0,2700,18
286.93,0.545,0.949,0.75,12,2700,18
267.42,0.543,0.954,0.75,0,2700,18
269.49,0.557,0.938,0.75,0,2700,18
278.97,0.543,0.908,0.75,19,2700,18
283.65,0.537,0.946,0.75,8,2700,18
283.74,0.542,0.952,0.75,21,2700,18
283.95,0.559,0.952,0.75,6,2700,18
275.18,0.565,0.963,0.75,0,2700,18
281.66,0.555,0.954,0.75,25,2700,18
286.0,0.552,0.968,0.75,5,2700,18
290.13,0.548,0.934,0.75,0,2700,18
275.61,0.546,0.923,0.75,13,2700,18
274.92,0.567,0.96,0.75,0,2700,18
284.79,0.538,0.967,0.75,8,2700,18
273.42,0.54,0.961,0.75,6,2700,18
272.34,0.559,0.927,0.75,9,2700,18
276.1,0.556,0.955,0.75,0,2700,18
269.01,0.554,0.92,0.75,0,2700,18
283.8,0.547,0.944,0.75,5,2700,18
281.77,0.555,0.921,0.75,9,2700,18
274.31,0.547,0.949,0.75,5,2700,18
288.02,0.562,0.925,0.75,19,2700,18
282.17,0.562,0.988,0.75,3,2700,18
285.85,0.552,0.95,0.75,23,2700,18
275.42,0.567,0.959,0.75,5,2700,18
268.24,0.557,0.967,0.75,1,2700,18
290.94,0.544,0.93,0.75,29,2700,18
280.02,0.561,0.975,0.75,0,2700,18
286.89,0.569,0.961,0.75,29,2700,18
277.03,0.546,0.957,0.75,12,2700,18
282.32,0.555,0.951,0.75,0,2700,18
278.34,0.553,0.928,0.75,0,2700,18
289.83,0.567,0.941,0.75,0,2700,18
277.47,0.552,0.936,0.75,9,2700,18
283.53,0.541,0.967,0.75,3,2700,18
284.59,0.55,0.959,0.75,0,2700,18
278.85,0.542,0.947,0.75,0,2700,18
278.4,0.547,0.945,0.75,7,2700,18
284.9,0.543,0.927,0.75,0,2700,18
278.03,0.542,0.925,0.75,2,2700,18
283.33,0.544,0.942,0.75,0,2700,18
275.25,0.556,0.916,0.75,4,2700,18
281.03,0.58,0.957,0.75,0,2700,18
270.05,0.549,0.934,0.75,0,2700,18
279.35,0.543,0.983,0.75,27,2700,18
284.56,0.555,0.957,0.75,0,2700,18
278.44,0.559,0.949,0.75,0,2700,18
289.54,0.564,0.949,0.75,0,2700,18
270.46,0.54,0.98,0.75,0,2700,18
278.32,0.571,0.981,0.75,0,2700,18
281.66,0.533,0.978,0.75,3,2700,18
273.86,0.544,0.934,0.75,0,2700,18
276.93,0.559,0.929,0.75,18,2700,18
277.13,0.542,0.946,0.75,2,2700,18
277.03,0.555,0.929,0.75,6,2700,18
278.28,0.541,0.933,0.75,18,2700,18
276.43,0.555,0.91,0.75,0,2700,18
274.91,0.54,0.937,0.75,0,2700,18
267.47,0.527,0.938,0.75,0,2700,18
277.2,0.544,0.976,0.75,5,2700,18
280.79,0.527,0.965,0.75,7,2700,18
301.99,0.527,0.983,0.75,4,2700,18
279.75,0.545,0.939,0.75,0,2700,18
284.2,0.545,0.929,0.75,18,2700,18
277.0,0.554,0.936,0.75,10,2700,18
290.35,0.548,0.963,0.75,19,2700,18
275.97,0.558,0.946,0.75,1,2700,18
281.41,0.549,0.954,0.75,14,2700,18
284.87,0.545,0.933,0.75,13,2700,18
288.25,0.543,0.946,0.75,0,2700,18
285.58,0.545,0.962,0.75,4,2700,18
273.57,0.551,0.893,0.75,0,2700,18
286.75,0.559,0.959,0.75,0,2700,18
289.79,0.56,0.946,0.75,0,2700,18
275.38,0.543,0.94,0.75,18,2700,18
278.55,0.554,0.939,0.75,4,2700,18
269.29,0.549,0.924,0.75,13,2700,18
280.59,0.564,0.934,0.75,2,2700,18
281.48,0.564,0.964,0.75,0,2700,18
274.62,0.549,0.952,0.75,36,2700,18
288.49,0.557,0.951,0.75,0,2700,18
280.43,0.553,0.926,0.75,0,2700,18
259.7,0.708,0.823,0.75,8,2400,16
262.79,0.727,0.804,0.75,0,2400,16
269.49,0.739,0.809,0.75,0,2400,16
275.61,0.698,0.783,0.75,8,2400,16
276.48,0.713,0.823,0.75,0,2400,16
267.9,0.723,0.837,0.75,0,2400,16
256.56,0.711,0.838,0.75,0,2400,16
272.41,0.715,0.833,0.75,0,2400,16
273.3,0.722,0.82,0.75,10,2400,16
258.93,0.737,0.824,0.75,17,2400,16
262.59,0.71,0.825,0.75,26,2400,16
265.37,0.712,0.833,0.75,0,2400,16
271.71,0.715,0.828,0.75,0,2400,16
271.74,0.745,0.83,0.75,10,2400,16
263.15,0.745,0.833,0.75,0,2400,16
279.82,0.731,0.839,0.75,0,2400,16
276.48,0.722,0.797,0.75,0,2400,16
271.67,0.719,0.85,0.75,2,2400,16
260.18,0.731,0.828,0.75,0,2400,16
276.91,0.735,0.84,0.75,8,2400,16
266.18,0.732,0.857,0.75,0,2400,16
271.95,0.701,0.84,0.75,0,2400,16
263.73,0.716,0.825,0.75,5,2400,16
271.36,0.717,0.817,0.75,24,2400,16
267.39,0.711,0.838,0.75,0,2400,16
273.99,0.693,0.852,0.75,0,2400,16
269.52,0.719,0.801,0.75,0,2400,16
272.39,0.734,0.813,0.75,0,2400,16
274.57,0.689,0.828,0.75,6,2400,16
272.54,0.71,0.818,0.75,0,2400,16
274.55,0.715,0.782,0.75,0,2400,16
261.19,0.702,0.832,0.75,4,2400,16
266.72,0.727,0.822,0.75,0,2400,16
260.54,0.714,0.833,0.75,0,2400,16
264.89,0.729,0.808,0.75,0,2400,16
265.94,0.699,0.822,0.75,7,2400,16
275.28,0.728,0.812,0.75,0,2400,16
277.19,0.703,0.845,0.75,27,2400,16
267.79,0.73,0.868,0.75,0,2400,16
259.85,0.73,0.799,0.75,6,2400,16
271.0,0.726,0.834,0.75,0,2400,16
266.34,0.709,0.844,0.75,6,2400,16
276.39,0.703,0.858,0.75,11,2400,16
279.62,0.696,0.821,0.75,10,2400,16
264.33,0.731,0.853,0.75,4,2400,16
264.67,0.708,0.851,0.75,0,2400,16
267.74,0.691,0.812,0.75,0,2400,16
271.02,0.735,0.809,0.75,14,2400,16
270.07,0.761,0.802,0.75,0,2400,16
274.17,0.726,0.818,0.75,0,2400,16
273.26,0.724,0.841,0.75,5,2400,16
270.8,0.707,0.818,0.75,21,2400,16
268.71,0.721,0.815,0.75,9,2400,16
280.48,0.707,0.824,0.75,9,2400,16
268.84,0.707,0.845,0.75,0,2400,16
277.32,0.737,0.832,0.75,8,2400,16
265.35,0.72,0.794,0.75,0,2400,16
278.12,0.715,0.826,0.75,0,2400,16
277.66,0.684,0.851,0.75,0,2400,16
264.19,0.744,0.814,0.75,17,2400,16
271.83,0.706,0.834,0.75,16,2400,16
275.73,0.728,0.836,0.75,0,2400,16
263.62,0.726,0.865,0.75,0,2400,16
272.25,0.719,0.814,0.75,34,2400,16
271.06,0.707,0.804,0.75,16,2400,16
272.57,0.72,0.82,0.75,12,2400,16
274.93,0.698,0.856,0.75,20,2400,16
262.75,0.7,0.828,0.75,26,2400,16
273.81,0.717,0.813,0.75,0,2400,16
278.79,0.716,0.856,0.75,0,2400,16
267.2,0.715,0.837,0.75,0,2400,16
269.11,0.721,0.795,0.75,0,2400,16
263.77,0.696,0.8,0.75,0,2400,16
280.55,0.712,0.833,0.75,1,2400,16
269.58,0.703,0.854,0.75,0,2400,16
264.47,0.716,0.814,0.75,0,2400,16
281.69,0.737,0.834,0.75,16,2400,16
266.95,0.708,0.831,0.75,2,2400,16
261.48,0.708,0.829,0.75,29,2400,16
262.52,0.727,0.855,0.75,0,2400,16
272.65,0.728,0.833,0.75,6,2400,16
256.33,0.73,0.832,0.75,30,2400,16
266.36,0.714,0.863,0.75,0,2400,16
269.21,0.732,0.833,0.75,0,2400,16
266.72,0.719,0.837,0.75,0,2400,16
275.75,0.724,0.853,0.75,16,2400,16
272.52,0.739,0.839,0.75,34,2400,16
274.8,0.728,0.809,0.75,4,2400,16
270.79,0.711,0.832,0.75,10,2400,16
263.84,0.718,0.817,0.75,0,2400,16
267.42,0.702,0.828,0.75,0,2400,16
281.09,0.736,0.824,0.75,0,2400,16
279.16,0.747,0.833,0.75,2,2400,16
262.78,0.714,0.832,0.75,0,2400,16
269.51,0.719,0.831,0.75,0,2400,16
263.06,0.734,0.795,0.75,20,2400,16
268.37,0.683,0.824,0.75,0,2400,16
267.22,0.742,0.841,0.75,0,2400,16
268.23,0.717,0.838,0.75,7,2400,16
280.45,0.732,0.829,0.75,0,2400,16
266.14,0.622,0.831,0.75,0,2275,15
252.86,0.634,0.829,0.75,0,2275,15
266.35,0.619,0.858,0.75,6,2275,15
262.47,0.62,0.837,0.75,0,2275,15
262.61,0.599,0.814,0.75,0,2275,15
253.9,0.628,0.864,0.75,0,2275,15
267.79,0.653,0.828,0.75,31,2275,15
268.29,0.639,0.817,0.75,0,2275,15
261.72,0.648,0.845,0.75,20,2275,15
261.63,0.639,0.854,0.75,0,2275,15
257.24,0.61,0.836,0.75,0,2275,15
259.83,0.638,0.832,0.75,0,2275,15
261.21,0.62,0.794,0.75,14,2275,15
260.27,0.633,0.848,0.75,13,2275,15
258.45,0.647,0.835,0.75,0,2275,15
261.49,0.62,0.819,0.75,0,2275,15
271.05,0.647,0.862,0.75,1,2275,15
253.27,0.621,0.815,0.75,0,2275,15
265.56,0.638,0.868,0.75,18,2275,15
265.96,0.618,0.847,0.75,0,2275,15
255.72,0.621,0.864,0.75,11,2275,15
255.89,0.62,0.848,0.75,0,2275,15
260.18,0.631,0.827,0.75,10,2275,15
263.82,0.618,0.825,0.75,13,2275,15
252.86,0.634,0.797,0.75,28,2275,15
255.07,0.619,0.843,0.75,0,2275,15
263.1,0.622,0.826,0.75,6,2275,15
261.39,0.626,0.836,0.75,6,2275,15
257.42,0.628,0.814,0.75,0,2275,15
254.21,0.633,0.834,0.75,0,2275,15
262.12,0.637,0.837,0.75,2,2275,15
261.89,0.63,0.795,0.75,33,2275,15
258.13,0.621,0.836,0.75,17,2275,15
253.46,0.639,0.84,0.75,5,2275,15
265.35,0.641,0.811,0.75,0,2275,15
260.38,0.631,0.828,0.75,0,2275,15
254.18,0.625,0.833,0.75,9,2275,15
255.58,0.661,0.834,0.75,0,2275,15
262.77,0.641,0.85,0.75,13,2275,15
258.36,0.623,0.836,0.75,0,2275,15
265.54,0.648,0.815,0.75,0,2275,15
261.6,0.623,0.852,0.75,0,2275,15
252.53,0.613,0.835,0.75,15,2275,15
259.18,0.671,0.868,0.75,0,2275,15
265.18,0.651,0.803,0.75,0,2275,15
263.03,0.636,0.848,0.75,0,2275,15
264.46,0.62,0.796,0.75,11,2275,15
259.37,0.624,0.827,0.75,0,2275,15
256.28,0.637,0.835,0.75,0,2275,15
259.06,0.603,0.833,0.75,0,2275,15
256.95,0.634,0.851,0.75,0,2275,15
249.76,0.631,0.864,0.75,0,2275,15
261.67,0.63,0.817,0.75,3,2275,15
260.09,0.618,0.852,0.75,0,2275,15
265.21,0.624,0.817,0.75,0,2275,15
262.45,0.607,0.81,0.75,0,2275,15
259.22,0.626,0.813,0.75,6,2275,15
257.14,0.634,0.815,0.75,19,2275,15
263.05,0.625,0.834,0.75,0,2275,15
258.31,0.628,0.834,0.75,0,2275,15
252.78,0.61,0.81,0.75,0,2275,15
262.67,0.63,0.797,0.75,12,2275,15
254.83,0.635,0.816,0.75,0,2275,15
250.68,0.625,0.828,0.75,0,2275,15
257.92,0.633,0.829,0.75,0,2275,15
266.09,0.615,0.838,0.75,7,2275,15
258.95,0.623,0.847,0.75,0,2275,15
257.93,0.646,0.836,0.75,0,2275,15
256.81,0.621,0.846,0.75,24,2275,15
264.31,0.644,0.822,0.75,0,2275,15
257.27,0.636,0.852,0.75,0,2275,15
259.21,0.612,0.84,0.75,0,2275,15
257.65,0.62,0.83,0.75,0,2275,15
256.21,0.634,0.857,0.75,14,2275,15
252.77,0.632,0.812,0.75,0,2275,15
266.2,0.642,0.834,0.75,0,2275,15
261.57,0.632,0.799,0.75,0,2275,15
262.79,0.602,0.827,0.75,12,2275,15
263.6,0.637,0.817,0.75,0,2275,15
265.21,0.648,0.842,0.75,5,2275,15
257.11,0.628,0.858,0.75,24,2275,15
258.33,0.647,0.807,0.75,0,2275,15
252.64,0.633,0.847,0.75,0,2275,15
259.52,0.629,0.839,0.75,0,2275,15
269.65,0.633,0.824,0.75,0,2275,15
258.25,0.642,0.838,0.75,2,2275,15
263.49,0.649,0.845,0.75,0,2275,15
262.02,0.646,0.808,0.75,0,2275,15
261.97,0.646,0.82,0.75,0,2275,15
264.75,0.637,0.837,0.75,0,2275,15
262.68,0.619,0.866,0.75,0,2275,15
256.82,0.629,0.826,0.75,2,2275,15
256.2,0.654,0.831,0.75,0,2275,15
261.89,0.634,0.799,0.75,19,2275,15
257.93,0.616,0.836,0.75,5,2275,15
261.0,0.636,0.854,0.75,0,2275,15
267.09,0.651,0.882,0.75,3,2275,15
249.17,0.637,0.821,0.75,0,2275,15
251.22,0.624,0.797,0.75,0,2275,15
260.15,0.604,0.825,0.75,5,2275,15
226.03,0.55,0.92,0.75,0,2000,14
232.73,0.52,0.908,0.75,9,2000,14
230.1,0.535,0.902,0.75,0,2000,14
227.34,0.545,0.933,0.75,0,2000,14
239.98,0.534,0.886,0.75,0,2000,14
228.54,0.541,0.915,0.75,12,2000,14
233.97,0.534,0.899,0.75,0,2000,14
234.4,0.556,0.916,0.75,0,2000,14
230.94,0.558,0.89,0.75,13,2000,14
228.09,0.558,0.972,0.75,5,2000,14
226.6,0.552,0.928,0.75,0,2000,14
230.95,0.566,0.928,0.75,0,2000,14
233.45,0.553,0.903,0.75,0,2000,14
227.09,0.552,0.925,0.75,15,2000,14
232.63,0.542,0.892,0.75,0,2000,14
230.52,0.546,0.883,0.75,0,2000,14
232.91,0.542,0.951,0.75,19,2000,14
228.97,0.559,0.921,0.75,0,2000,14
224.95,0.566,0.918,0.75,18,2000,14
225.25,0.557,0.909,0.75,1,2000,14
223.1,0.541,0.945,0.75,0,2000,14
231.12,0.547,0.945,0.75,3,2000,14
235.27,0.541,0.949,0.75,24,2000,14
228.29,0.547,0.885,0.75,0,2000,14
227.2,0.548,0.938,0.75,4,2000,14
224.96,0.54,0.953,0.75,24,2000,14
228.88,0.55,0.94,0.75,0,2000,14
228.21,0.549,0.926,0.75,0,2000,14
232.85,0.568,0.927,0.75,0,2000,14
217.9,0.554,0.918,0.75,3,2000,14
229.72,0.562,0.922,0.75,14,2000,14
229.0,0.556,0.911,0.75,1,2000,14
230.06,0.555,0.915,0.75,0,2000,14
233.65,0.547,0.915,0.75,0,2000,14
222.9,0.548,0.911,0.75,0,2000,14
232.26,0.55,0.926,0.75,0,2000,14
231.28,0.544,0.904,0.75,0,2000,14
231.65,0.576,0.907,0.75,0,2000,14
231.82,0.553,0.944,0.75,0,2000,14
227.72,0.562,0.891,0.75,8,2000,14
231.12,0.538,0.902,0.75,1,2000,14
227.12,0.555,0.867,0.75,0,2000,14
228.82,0.544,0.935,0.75,0,2000,14
232.57,0.57,0.911,0.75,0,2000,14
219.0,0.559,0.92,0.75,0,2000,14
232.39,0.571,0.928,0.75,0,2000,14
222.77,0.565,0.909,0.75,0,2000,14
224.57,0.566,0.914,0.75,0,2000,14
221.53,0.56,0.909,0.75,0,2000,14
222.9,0.552,0.96,0.75,0,2000,14
234.95,0.552,0.924,0.75,3,2000,14
234.76,0.541,0.946,0.75,0,2000,14
234.59,0.547,0.934,0.75,0,2000,14
232.27,0.553,0.883,0.75,13,2000,14
229.39,0.544,0.895,0.75,0,2000,14
229.53,0.543,0.902,0.75,5,2000,14
239.63,0.533,0.941,0.75,0,2000,14
230.93,0.545,0.923,0.75,9,2000,14
232.34,0.545,0.893,0.75,18,2000,14
222.98,0.538,0.922,0.75,0,2000,14
228.05,0.535,0.902,0.75,0,2000,14
222.65,0.543,0.933,0.75,0,2000,14
230.2,0.531,0.929,0.75,0,2000,14
234.63,0.538,0.941,0.75,0,2000,14
229.91,0.549,0.942,0.75,0,2000,14
234.77,0.543,0.937,0.75,0,2000,14
233.13,0.537,0.934,0.75,7,2000,14
227.03,0.532,0.929,0.75,0,2000,14
234.33,0.552,0.956,0.75,0,2000,14
230.13,0.549,0.891,0.75,0,2000,14
220.63,0.551,0.915,0.75,6,2000,14
233.29,0.552,0.914,0.75,10,2000,14
231.41,0.541,0.925,0.75,0,2000,14
239.65,0.544,0.921,0.75,3,2000,14
221.99,0.544,0.9,0.75,14,2000,14
232.97,0.524,0.958,0.75,0,2000,14
230.72,0.552,0.908,0.75,0,2000,14
228.14,0.542,0.894,0.75,8,2000,14
232.37,0.559,0.926,0.75,12,2000,14
223.76,0.54,0.902,0.75,14,2000,14
232.24,0.562,0.904,0.75,0,2000,14
233.9,0.549,0.913,0.75,13,2000,14
226.93,0.549,0.901,0.75,3,2000,14
232.8,0.553,0.884,0.75,0,2000,14
236.3,0.538,0.943,0.75,0,2000,14
224.79,0.554,0.904,0.75,0,2000,14
221.81,0.525,0.924,0.75,0,2000,14
233.2,0.563,0.915,0.75,7,2000,14
223.76,0.552,0.93,0.75,0,2000,14
226.5,0.54,0.922,0.75,22,2000,14
227.72,0.545,0.941,0.75,19,2000,14
231.33,0.537,0.895,0.75,9,2000,14
235.47,0.57,0.936,0.75,0,2000,14
224.68,0.559,0.928,0.75,5,2000,14
231.49,0.564,0.944,0.75,12,2000,14
232.36,0.545,0.934,0.75,15,2000,14
224.51,0.553,0.904,0.75,0,2000,14
222.66,0.555,0.909,0.75,0,2000,14
231.82,0.539,0.909,0.75,12,2000,14
237.72,0.541,0.94,0.75,0,2000,14
205.97,0.486,0.968,0.75,0,1700,12
211.59,0.507,1.005,0.75,0,1700,12
205.01,0.511,0.988,0.75,0,1700,12
206.17,0.496,1.007,0.75,0,1700,12
207.95,0.511,1.01,0.75,17,1700,12
214.81,0.486,1.015,0.75,0,1700,12
210.71,0.509,1.01,0.75,11,1700,12
207.32,0.502,0.994,0.75,11,1700,12
205.63,0.519,0.964,0.75,5,1700,12
212.45,0.499,0.999,0.75,0,1700,12
215.85,0.508,1.017,0.75,0,1700,12
208.74,0.49,1.007,0.75,9,1700,12
205.51,0.517,0.982,0.75,11,1700,12
207.6,0.509,0.975,0.75,0,1700,12
207.5,0.497,1.016,0.75,0,1700,12
209.07,0.488,1.036,0.75,12,1700,12
210.88,0.49,1.0,0.75,0,1700,12
215.01,0.51,1.018,0.75,0,1700,12
207.42,0.502,1.011,0.75,0,1700,12
210.66,0.497,1.026,0.75,19,1700,12
209.09,0.509,1.033,0.75,0,1700,12
208.93,0.497,1.01,0.75,0,1700,12
210.28,0.48,1.029,0.75,0,1700,12
208.7,0.511,0.943,0.75,0,1700,12
208.09,0.517,0.982,0.75,5,1700,12
215.3,0.493,0.985,0.75,6,1700,12
203.51,0.495,1.008,0.75,0,1700,12
197.76,0.505,0.976,0.75,0,1700,12
213.42,0.501,0.995,0.75,9,1700,12
216.79,0.486,0.999,0.75,0,1700,12
208.96,0.506,1.001,0.75,10,1700,12
219.05,0.497,0.981,0.75,0,1700,12
216.22,0.497,0.989,0.75,10,1700,12
209.34,0.494,1.033,0.75,0,1700,12
212.74,0.484,1.01,0.75,12,1700,12
205.96,0.507,1.022,0.75,3,1700,12
209.03,0.494,1.029,0.75,0,1700,12
212.79,0.492,0.981,0.75,0,1700,12
209.65,0.502,1.019,0.75,0,1700,12
209.17,0.505,1.025,0.75,0,1700,12
205.83,0.486,1.013,0.75,8,1700,12
209.46,0.514,0.99,0.75,0,1700,12
207.44,0.506,1.008,0.75,1,1700,12
209.84,0.524,1.024,0.75,1,1700,12
214.23,0.505,1.001,0.75,0,1700,12
196.68,0.502,0.99,0.75,0,1700,12
205.01,0.5,0.979,0.75,4,1700,12
214.02,0.492,1.001,0.75,10,1700,12
212.18,0.505,1.0,0.75,24,1700,12
208.8,0.501,0.978,0.75,1,1700,12
214.64,0.497,0.995,0.75,0,1700,12
211.24,0.485,1.026,0.75,10,1700,12
204.67,0.507,1.013,0.75,0,1700,12
211.05,0.488,0.995,0.75,11,1700,12
210.06,0.49,1.013,0.75,0,1700,12
213.29,0.5,1.024,0.75,0,1700,12
211.17,0.503,0.966,0.75,41,1700,12
208.72,0.507,0.987,0.75,0,1700,12
208.88,0.496,0.998,0.75,0,1700,12
204.69,0.505,0.961,0.75,11,1700,12
212.13,0.499,0.972,0.75,0,1700,12
203.3,0.493,1.013,0.75,0,1700,12
213.18,0.481,1.013,0.75,4,1700,12
208.96,0.513,0.983,0.75,0,1700,12
209.34,0.498,0.983,0.75,0,1700,12
211.01,0.501,1.016,0.75,0,1700,12
213.65,0.488,1.012,0.75,0,1700,12
210.39,0.495,0.985,0.75,0,1700,12
206.61,0.501,1.014,0.75,17,1700,12
212.23,0.478,0.989,0.75,7,1700,12
198.98,0.525,1.011,0.75,17,1700,12
219.84,0.509,1.019,0.75,0,1700,12
208.0,0.492,0.986,0.75,0,1700,12
202.92,0.502,0.999,0.75,0,1700,12
222.92,0.514,0.975,0.75,0,1700,12
205.74,0.487,1.009,0.75,14,1700,12
214.17,0.514,0.983,0.75,9,1700,12
208.01,0.492,1.032,0.75,9,1700,12
206.55,0.488,0.989,0.75,0,1700,12
209.96,0.483,0.978,0.75,9,1700,12
208.35,0.49,0.979,0.75,9,1700,12
213.9,0.495,0.977,0.75,0,1700,12
207.82,0.513,1.017,0.75,0,1700,12
210.89,0.511,0.992,0.75,19,1700,12
216.99,0.503,1.012,0.75,6,1700,12
207.89,0.496,1.005,0.75,0,1700,12
214.61,0.478,1.031,0.75,0,1700,12
212.28,0.5,1.025,0.75,0,1700,12
212.47,0.498,1.002,0.75,26,1700,12
214.37,0.493,0.973,0.75,6,1700,12
211.01,0.513,1.016,0.75,4,1700,12
204.16,0.498,1.021,0.75,7,1700,12
208.66,0.49,0.998,0.75,0,1700,12
209.01,0.491,1.022,0.75,21,1700,12
216.42,0.499,0.98,0.75,0,1700,12
204.23,0.514,1.002,0.75,0,1700,12
204.97,0.509,1.006,0.75,8,1700,12
216.87,0.498,1.001,0.75,35,1700,12
201.18,0.507,0.998,0.75,0,1700,12
209.79,0.507,1.062,0.75,0,1700,12
173.52,0.545,0.945,0.75,10,1560,11
170.54,0.562,0.99,0.75,0,1560,11
180.59,0.558,0.98,0.75,1,1560,11
173.21,0.527,1.02,0.75,5,1560,11
174.8,0.542,0.976,0.75,34,1560,11
170.68,0.539,0.971,0.75,0,1560,11
170.67,0.564,0.994,0.75,10,1560,11
183.38,0.574,0.967,0.75,5,1560,11
176.75,0.531,0.977,0.75,12,1560,11
178.75,0.527,0.98,0.75,0,1560,11
177.55,0.554,0.987,0.75,0,1560,11
171.07,0.558,0.98,0.75,0,1560,11
173.93,0.562,0.973,0.75,11,1560,11
174.28,0.55,1.012,0.75,4,1560,11
170.87,0.548,0.992,0.75,3,1560,11
175.35,0.55,1.0,0.75,22,1560,11
171.52,0.551,0.982,0.75,14,1560,11
183.14,0.55,0.99,0.75,0,1560,11
168.63,0.542,0.953,0.75,0,1560,11
173.79,0.56,0.958,0.75,1,1560,11
178.6,0.556,0.985,0.75,6,1560,11
175.71,0.539,0.981,0.75,1,1560,11
173.32,0.578,0.979,0.75,0,1560,11
176.82,0.568,0.968,0.75,12,1560,11
170.17,0.545,0.975,0.75,10,1560,11
172.61,0.547,0.98,0.75,1,1560,11
176.53,0.559,0.988,0.75,0,1560,11
175.18,0.555,0.994,0.75,0,1560,11
172.99,0.556,1.0,0.75,13,1560,11
175.43,0.549,0.976,0.75,4,1560,11
182.97,0.541,0.99,0.75,0,1560,11
174.96,0.552,1.037,0.75,0,1560,11
175.96,0.527,0.978,0.75,11,1560,11
178.41,0.544,0.977,0.75,0,1560,11
176.08,0.536,0.972,0.75,8,1560,11
181.31,0.536,0.944,0.75,0,1560,11
175.77,0.545,0.976,0.75,15,1560,11
168.16,0.546,0.984,0.75,25,1560,11
172.78,0.55,0.991,0.75,0,1560,11
173.5,0.561,0.973,0.75,13,1560,11
173.84,0.544,0.983,0.75,35,1560,11
177.9,0.563,0.97,0.75,0,1560,11
175.38,0.538,0.977,0.75,5,1560,11
176.77,0.553,0.97,0.75,0,1560,11
181.25,0.55,0.976,0.75,44,1560,11
171.24,0.545,0.988,0.75,14,1560,11
181.33,0.556,0.959,0.75,4,1560,11
182.24,0.535,1.004,0.75,12,1560,11
174.64,0.541,0.995,0.75,14,1560,11
174.95,0.543,0.949,0.75,6,1560,11
171.62,0.544,0.971,0.75,0,1560,11
171.03,0.545,0.966,0.75,30,1560,11
179.38,0.541,0.985,0.75,17,1560,11
172.13,0.562,0.969,0.75,10,1560,11
179.52,0.578,0.956,0.75,0,1560,11
177.74,0.534,0.955,0.75,1,1560,11
172.76,0.557,1.0,0.75,24,1560,11
176.46,0.537,1.007,0.75,13,1560,11
180.51,0.555,0.951,0.75,19,1560,11
174.41,0.551,0.995,0.75,4,1560,11
174.27,0.547,0.997,0.75,0,1560,11
178.79,0.549,0.963,0.75,0,1560,11
174.05,0.564,0.964,0.75,0,1560,11
174.09,0.533,0.976,0.75,8,1560,11
175.78,0.537,1.001,0.75,2,1560,11
174.97,0.544,0.984,0.75,0,1560,11
173.11,0.547,0.985,0.75,0,1560,11
173.26,0.544,0.964,0.75,11,1560,11
171.31,0.555,0.947,0.75,0,1560,11
180.86,0.547,0.937,0.75,0,1560,11
177.15,0.554,0.983,0.75,0,1560,11
178.13,0.532,0.962,0.75,0,1560,11
174.84,0.551,0.981,0.75,0,1560,11
169.76,0.565,0.974,0.75,23,1560,11
170.65,0.538,0.959,0.75,6,1560,11
177.59,0.578,0.936,0.75,0,1560,11
172.95,0.543,0.962,0.75,12,1560,11
175.08,0.565,0.95,0.75,0,1560,11
172.55,0.552,0.982,0.75,0,1560,11
177.81,0.553,0.994,0.75,4,1560,11
170.84,0.546,0.99,0.75,0,1560,11
175.02,0.533,1.003,0.75,16,1560,11
173.16,0.544,0.965,0.75,0,1560,11
177.26,0.546,0.941,0.75,0,1560,11
175.12,0.537,0.998,0.75,0,1560,11
177.3,0.561,0.98,0.75,0,1560,11
172.6,0.543,0.982,0.75,10,1560,11
172.85,0.549,1.003,0.75,0,1560,11
172.89,0.543,0.963,0.75,11,1560,11
174.22,0.535,1.015,0.75,0,1560,11
173.45,0.551,1.013,0.75,14,1560,11
179.9,0.543,0.975,0.75,0,1560,11
174.87,0.557,1.001,0.75,0,1560,11
174.93,0.553,0.985,0.75,1,1560,11
180.3,0.554,0.973,0.75,0,1560,11
180.73,0.548,0.98,0.75,16,1560,11
181.86,0.555,0.982,0.75,0,1560,11
177.61,0.551,0.988,0.75,0,1560,11
173.56,0.561,0.973,0.75,6,1560,11
170.54,0.549,0.967,0.75,23,1560,11
162.25,0.556,1.033,0.75,0,1420,10
162.69,0.538,0.978,0.75,0,1420,10
160.43,0.558,1.043,0.75,17,1420,10
155.14,0.556,1.043,0.75,0,1420,10
157.61,0.543,1.046,0.75,0,1420,10
158.04,0.562,1.03,0.75,0,1420,10
164.13,0.542,1.057,0.75,0,1420,10
168.0,0.538,1.023,0.75,14,1420,10
165.41,0.568,1.055,0.75,0,1420,10
154.65,0.572,1.04,0.75,19,1420,10
156.89,0.554,1.026,0.75,0,1420,10
155.36,0.551,1.052,0.75,11,1420,10
156.65,0.55,1.017,0.75,0,1420,10
162.21,0.562,1.044,0.75,0,1420,10
159.99,0.544,1.023,0.75,0,1420,10
153.74,0.543,1.034,0.75,0,1420,10
166.08,0.561,1.064,0.75,17,1420,10
157.68,0.543,0.974,0.75,23,1420,10
158.23,0.547,1.014,0.75,16,1420,10
154.42,0.555,1.024,0.75,6,1420,10
159.4,0.549,1.026,0.75,6,1420,10
160.71,0.536,1.022,0.75,0,1420,10
162.11,0.569,1.051,0.75,0,1420,10
151.83,0.548,1.023,0.75,0,1420,10
158.97,0.53,1.011,0.75,25,1420,10
159.69,0.554,1.05,0.75,5,1420,10
157.63,0.56,1.033,0.75,0,1420,10
162.26,0.573,1.009,0.75,3,1420,10
162.52,0.544,0.972,0.75,11,1420,10
154.42,0.543,1.062,0.75,14,1420,10
159.44,0.551,1.027,0.75,0,1420,10
157.42,0.561,1.029,0.75,0,1420,10
159.82,0.54,1.03,0.75,0,1420,10
155.4,0.558,1.045,0.75,20,1420,10
167.99,0.551,1.017,0.75,0,1420,10
160.06,0.552,1.058,0.75,0,1420,10
156.96,0.546,1.009,0.75,0,1420,10
155.22,0.564,1.02,0.75,0,1420,10
160.22,0.531,1.037,0.75,25,1420,10
161.68,0.546,1.015,0.75,9,1420,10
159.92,0.548,1.031,0.75,0,1420,10
153.33,0.561,1.036,0.75,28,1420,10
160.28,0.539,1.048,0.75,5,1420,10
158.64,0.555,1.025,0.75,0,1420,10
158.61,0.569,1.014,0.75,0,1420,10
156.11,0.526,1.025,0.75,0,1420,10
159.54,0.55,1.051,0.75,0,1420,10
159.1,0.556,1.059,0.75,1,1420,10
161.08,0.539,1.03,0.75,0,1420,10
161.17,0.546,1.034,0.75,0,1420,10
159.86,0.536,1.059,0.75,0,1420,10
156.66,0.556,1.023,0.75,12,1420,10
160.09,0.556,1.01,0.75,1,1420,10
158.98,0.557,1.028,0.75,0,1420,10
166.04,0.548,1.044,0.75,4,1420,10
155.83,0.555,1.023,0.75,10,1420,10
156.06,0.542,1.039,0.75,0,1420,10
161.89,0.549,1.07,0.75,1,1420,10
154.8,0.522,1.036,0.75,0,1420,10
159.66,0.584,1.025,0.75,0,1420,10
160.94,0.547,1.022,0.75,17,1420,10
160.44,0.525,1.023,0.75,0,1420,10
163.53,0.566,1.035,0.75,0,1420,10
162.19,0.541,1.034,0.75,0,1420,10
160.11,0.553,1.007,0.75,0,1420,10
154.64,0.549,1.031,0.75,20,1420,10
159.24,0.549,1.007,0.75,2,1420,10
158.66,0.529,1.06,0.75,0,1420,10
161.15,0.537,0.999,0.75,10,1420,10
158.26,0.582,1.01,0.75,0,1420,10
160.78,0.545,1.043,0.75,0,1420,10
154.25,0.526,1.019,0.75,0,1420,10
163.98,0.564,1.023,0.75,0,1420,10
158.08,0.543,1.016,0.75,0,1420,10
157.97,0.552,1.037,0.75,19,1420,10
156.86,0.532,1.038,0.75,4,1420,10
152.31,0.565,1.044,0.75,0,1420,10
165.35,0.542,1.013,0.75,0,1420,10
159.27,0.558,1.001,0.75,6,1420,10
163.22,0.533,1.052,0.75,16,1420,10
159.78,0.522,1.027,0.75,0,1420,10
158.76,0.548,0.97,0.75,0,1420,10
161.62,0.549,1.056,0.75,0,1420,10
157.14,0.559,0.991,0.75,0,1420,10
164.01,0.552,1.043,0.75,0,1420,10
157.25,0.557,1.033,0.75,6,1420,10
156.91,0.541,1.032,0.75,25,1420,10
161.41,0.563,0.997,0.75,33,1420,10
155.77,0.558,1.03,0.75,7,1420,10
162.67,0.543,1.054,0.75,0,1420,10
160.44,0.55,1.015,0.75,7,1420,10
162.75,0.549,1.042,0.75,30,1420,10
157.4,0.573,1.031,0.75,20,1420,10
160.4,0.559,1.055,0.75,0,1420,10
163.12,0.55,1.044,0.75,6,1420,10
157.96,0.568,1.043,0.75,7,1420,10
156.8,0.568,1.071,0.75,23,1420,10
158.18,0.541,1.031,0.75,0,1420,10
161.72,0.553,1.009,0.75,12,1420,10
160.55,0.563,1.005,0.75,0,1420,10
